length_comp,weight_comp,tag_data,cpue,age,penalties
-154972.920594122,-610341.248419516,12143.9418538748,732.909,2479.57711931864,1327.72500104178
