npar,objfun,gradient,start,hours
1901,-748630.016039403,8.95234975201679e-05,2023-07-27 23:23:43,10.7788888888889
